<BackupInst xmlns="http://www.microsoft.com/GroupPolicy/GPOOperations/Manifest"><GPOGuid><![CDATA[{C7AAA61A-F6E3-4E00-8822-BD8BBA8EA474}]]></GPOGuid><GPODomain><![CDATA[DTM9027.local]]></GPODomain><GPODomainGuid><![CDATA[{04b1cae7-f45f-458c-b956-4f495a28f3f4}]]></GPODomainGuid><GPODomainController><![CDATA[9027-DC1.DTM9027.local]]></GPODomainController><BackupTime><![CDATA[2017-10-10T09:55:48]]></BackupTime><ID><![CDATA[{CAED0EAA-B2D2-423A-8223-BCE46C3BCD2C}]]></ID><Comment><![CDATA[LM1 NTML V1]]></Comment><GPODisplayName><![CDATA[LM1 NTML V1]]></GPODisplayName></BackupInst>
