<BackupInst xmlns="http://www.microsoft.com/GroupPolicy/GPOOperations/Manifest"><GPOGuid><![CDATA[{C7AAA61A-F6E3-4E00-8822-BD8BBA8EA474}]]></GPOGuid><GPODomain><![CDATA[DTM9027.local]]></GPODomain><GPODomainGuid><![CDATA[{04b1cae7-f45f-458c-b956-4f495a28f3f4}]]></GPODomainGuid><GPODomainController><![CDATA[9027-DC1.DTM9027.local]]></GPODomainController><BackupTime><![CDATA[2017-10-10T10:00:35]]></BackupTime><ID><![CDATA[{20593082-A3FA-4EDA-97C4-F615F226896E}]]></ID><Comment><![CDATA[]]></Comment><GPODisplayName><![CDATA[LM1 NTML V1]]></GPODisplayName></BackupInst>
