<?xml version="1.0" encoding="utf-8"?><!-- Copyright (c) Microsoft Corporation.  All rights reserved. --><GroupPolicyBackupScheme bkp:version="2.0" bkp:type="GroupPolicyBackupTemplate" xmlns:bkp="http://www.microsoft.com/GroupPolicy/GPOOperations" xmlns="http://www.microsoft.com/GroupPolicy/GPOOperations">
    <GroupPolicyObject><SecurityGroups><Group bkp:Source="FromDACL"><Sid><![CDATA[S-1-5-21-1666669418-3424502242-2198900043-519]]></Sid><SamAccountName><![CDATA[Enterprise Admins]]></SamAccountName><Type><![CDATA[UniversalGroup]]></Type><NetBIOSDomainName><![CDATA[DTM9027]]></NetBIOSDomainName><DnsDomainName><![CDATA[DTM9027.local]]></DnsDomainName><UPN><![CDATA[Enterprise Admins@DTM9027.local]]></UPN></Group><Group bkp:Source="FromDACL"><Sid><![CDATA[S-1-5-21-1666669418-3424502242-2198900043-512]]></Sid><SamAccountName><![CDATA[Domain Admins]]></SamAccountName><Type><![CDATA[GlobalGroup]]></Type><NetBIOSDomainName><![CDATA[DTM9027]]></NetBIOSDomainName><DnsDomainName><![CDATA[DTM9027.local]]></DnsDomainName><UPN><![CDATA[Domain Admins@DTM9027.local]]></UPN></Group></SecurityGroups><FilePaths/><GroupPolicyCoreSettings><ID><![CDATA[{0D26B425-2D6C-4A0D-A69F-B894CA5CD40A}]]></ID><Domain><![CDATA[DTM9027.local]]></Domain><SecurityDescriptor>01 00 04 9c 00 00 00 00 00 00 00 00 00 00 00 00 14 00 00 00 04 00 ec 00 08 00 00 00 05 02 28 00 00 01 00 00 01 00 00 00 8f fd ac ed b3 ff d1 11 b4 1d 00 a0 c9 68 f9 39 01 01 00 00 00 00 00 05 0b 00 00 00 00 00 24 00 ff 00 0f 00 01 05 00 00 00 00 00 05 15 00 00 00 6a 5b 57 63 e2 c1 1d cc 4b 8d 10 83 00 02 00 00 00 02 24 00 ff 00 0f 00 01 05 00 00 00 00 00 05 15 00 00 00 6a 5b 57 63 e2 c1 1d cc 4b 8d 10 83 00 02 00 00 00 02 24 00 ff 00 0f 00 01 05 00 00 00 00 00 05 15 00 00 00 6a 5b 57 63 e2 c1 1d cc 4b 8d 10 83 07 02 00 00 00 02 14 00 94 00 02 00 01 01 00 00 00 00 00 05 09 00 00 00 00 02 14 00 94 00 02 00 01 01 00 00 00 00 00 05 0b 00 00 00 00 02 14 00 ff 00 0f 00 01 01 00 00 00 00 00 05 12 00 00 00 00 0a 14 00 ff 00 0f 00 01 01 00 00 00 00 00 03 00 00 00 00</SecurityDescriptor><DisplayName><![CDATA[Mapped Drive]]></DisplayName><Options><![CDATA[0]]></Options><UserVersionNumber><![CDATA[262148]]></UserVersionNumber><MachineVersionNumber><![CDATA[0]]></MachineVersionNumber><MachineExtensionGuids/><UserExtensionGuids><![CDATA[[{00000000-0000-0000-0000-000000000000}{2EA1A81B-48E5-45E9-8BB7-A6E3AC170006}][{5794DAFD-BE60-433F-88A2-1A31939AC01F}{2EA1A81B-48E5-45E9-8BB7-A6E3AC170006}]]]></UserExtensionGuids><WMIFilter/></GroupPolicyCoreSettings> 
        <GroupPolicyExtension bkp:ID="{35378EAC-683F-11D2-A89A-00C04FBBCFA2}" bkp:DescName="Registry">
            
            
            <FSObjectFile bkp:Path="%GPO_FSPATH%\Adm\*.*" bkp:SourceExpandedPath="\\9027-DC1.DTM9027.local\sysvol\DTM9027.local\Policies\{0D26B425-2D6C-4A0D-A69F-B894CA5CD40A}\Adm\*.*"/>
        </GroupPolicyExtension>
        
        
        
        
        
        
        
        
        
    <GroupPolicyExtension bkp:ID="{F15C46CD-82A0-4C2D-A210-5D0D3182A418}" bkp:DescName="Unknown Extension"><FSObjectDir bkp:Path="%GPO_USER_FSPATH%\Preferences" bkp:SourceExpandedPath="\\9027-DC1.DTM9027.local\sysvol\DTM9027.local\Policies\{0D26B425-2D6C-4A0D-A69F-B894CA5CD40A}\User\Preferences" bkp:Location="DomainSysvol\GPO\User\Preferences"/><FSObjectDir bkp:Path="%GPO_USER_FSPATH%\Preferences\Drives" bkp:SourceExpandedPath="\\9027-DC1.DTM9027.local\sysvol\DTM9027.local\Policies\{0D26B425-2D6C-4A0D-A69F-B894CA5CD40A}\User\Preferences\Drives" bkp:Location="DomainSysvol\GPO\User\Preferences\Drives"/><FSObjectFile bkp:Path="%GPO_USER_FSPATH%\Preferences\Drives\Drives.xml" bkp:SourceExpandedPath="\\9027-DC1.DTM9027.local\sysvol\DTM9027.local\Policies\{0D26B425-2D6C-4A0D-A69F-B894CA5CD40A}\User\Preferences\Drives\Drives.xml" bkp:Location="DomainSysvol\GPO\User\Preferences\Drives\Drives.xml"/></GroupPolicyExtension></GroupPolicyObject>
</GroupPolicyBackupScheme>