<BackupInst xmlns="http://www.microsoft.com/GroupPolicy/GPOOperations/Manifest"><GPOGuid><![CDATA[{0D26B425-2D6C-4A0D-A69F-B894CA5CD40A}]]></GPOGuid><GPODomain><![CDATA[DTM9027.local]]></GPODomain><GPODomainGuid><![CDATA[{04b1cae7-f45f-458c-b956-4f495a28f3f4}]]></GPODomainGuid><GPODomainController><![CDATA[9027-DC1.DTM9027.local]]></GPODomainController><BackupTime><![CDATA[2017-10-10T10:00:33]]></BackupTime><ID><![CDATA[{938F877C-5186-463B-8F99-BE0D9306C48D}]]></ID><Comment><![CDATA[]]></Comment><GPODisplayName><![CDATA[Mapped Drive]]></GPODisplayName></BackupInst>
