<BackupInst xmlns="http://www.microsoft.com/GroupPolicy/GPOOperations/Manifest"><GPOGuid><![CDATA[{6CF31085-4C64-434D-A8C2-0B8EB5F68A31}]]></GPOGuid><GPODomain><![CDATA[DTM9027.local]]></GPODomain><GPODomainGuid><![CDATA[{04b1cae7-f45f-458c-b956-4f495a28f3f4}]]></GPODomainGuid><GPODomainController><![CDATA[9027-DC1.DTM9027.local]]></GPODomainController><BackupTime><![CDATA[2017-10-10T10:00:34]]></BackupTime><ID><![CDATA[{984C7A12-14B0-451A-B398-BE1C6FF38A2C}]]></ID><Comment><![CDATA[]]></Comment><GPODisplayName><![CDATA[Office First Run]]></GPODisplayName></BackupInst>
