<?xml version="1.0" encoding="utf-8"?>
<InternetSettings clsid="{B611EB48-F531-42cd-A1F6-5E0D015377BA}"><IE10 clsid="{683F7AD7-E782-4232-8A6D-F22431F12DB5}" name="Internet Explorer 10" status="Internet Explorer 10" changed="2017-01-06 13:13:00" uid="{D86C4131-18BD-4236-9A91-D031AFB83503}" bypassErrors="1"><Filters><FilterFile hidden="1" not="0" bool="AND" path="%ProgramFilesDir%\Internet Explorer\iexplore.exe" type="VERSION" gte="1" min="10.0.0.0" max="99.0.0.0" lte="0"/><FilterRunOnce hidden="1" not="0" bool="AND" id="{A9786B57-914F-42E0-A56A-D32DFEF85B1B}"/>
		</Filters><Properties><Reg id="Homepage" type="REG_SZ" hive="HKEY_CURRENT_USER" key="Software\Microsoft\Internet Explorer\Main" name="Start Page" value="www.google.com"/><Reg id="SecondaryStartPages" type="REG_MULTI_SZ" hive="HKEY_CURRENT_USER" key="Software\Microsoft\Internet Explorer\Main" name="Secondary Start Pages" value=""/><Reg id="ClearBrowsingHistoryOnExit" type="REG_DWORD" hive="HKEY_CURRENT_USER" key="Software\Microsoft\Internet Explorer\Privacy" name="ClearBrowsingHistoryOnExit" value="0"/><Reg id="StartupOptions" type="REG_DWORD" hive="HKEY_CURRENT_USER" key="Software\Microsoft\Internet Explorer\ContinuousBrowsing" name="Enabled" value="00000001"/><Reg id="CurrentLevelInternet" type="REG_DWORD" hive="HKEY_CURRENT_USER" key="Software\Microsoft\Windows\CurrentVersion\Internet Settings\Zones\3" name="CurrentLevel" value="00011500"/><Reg id="LooseXamlInternet" type="REG_DWORD" hive="HKEY_CURRENT_USER" key="Software\Microsoft\Windows\CurrentVersion\Internet Settings\Zones\3" name="2402" value="00000003"/><Reg id="XamlBrowserAppInternet" type="REG_DWORD" hive="HKEY_CURRENT_USER" key="Software\Microsoft\Windows\CurrentVersion\Internet Settings\Zones\3" name="2400" value="00000003"/><Reg id="XpsDocsInternet" type="REG_DWORD" hive="HKEY_CURRENT_USER" key="Software\Microsoft\Windows\CurrentVersion\Internet Settings\Zones\3" name="2401" value="00000000"/><Reg id="PermForManifestCompInternet" type="REG_DWORD" hive="HKEY_CURRENT_USER" key="Software\Microsoft\Windows\CurrentVersion\Internet Settings\Zones\3" name="2007" value="00010000"/><Reg id="NotSignedAuthenticodeInternet" type="REG_DWORD" hive="HKEY_CURRENT_USER" key="Software\Microsoft\Windows\CurrentVersion\Internet Settings\Zones\3" name="2004" value="00000000"/><Reg id="SignedAuthenticodeInternet" type="REG_DWORD" hive="HKEY_CURRENT_USER" key="Software\Microsoft\Windows\CurrentVersion\Internet Settings\Zones\3" name="2001" value="00000000"/><Reg id="AllowActiveXFilteringInternet" type="REG_DWORD" hive="HKEY_CURRENT_USER" name="2702" value="00000000" uid="Software\Microsoft\Windows\CurrentVersion\Internet Settings\Zones\3"/><Reg id="ActiveXUnusedInternet" type="REG_DWORD" hive="HKEY_CURRENT_USER" name="1208" value="00000003" uid="Software\Microsoft\Windows\CurrentVersion\Internet Settings\Zones\3"/><Reg id="ScriptletsInternet" type="REG_DWORD" hive="HKEY_CURRENT_USER" name="1209" value="00000003" uid="Software\Microsoft\Windows\CurrentVersion\Internet Settings\Zones\3"/><Reg id="PromptActivXInternet" type="REG_DWORD" hive="HKEY_CURRENT_USER" name="2201" value="00000003" uid="Software\Microsoft\Windows\CurrentVersion\Internet Settings\Zones\3"/><Reg id="BinaryScriptInternet" type="REG_DWORD" hive="HKEY_CURRENT_USER" name="2000" value="00000000" uid="Software\Microsoft\Windows\CurrentVersion\Internet Settings\Zones\3"/><Reg id="ShowVideoAnimationInternet" type="REG_DWORD" hive="HKEY_CURRENT_USER" name="120A" value="00000003" uid="Software\Microsoft\Windows\CurrentVersion\Internet Settings\Zones\3"/><Reg id="DownloadSignedActiveXInternet" type="REG_DWORD" hive="HKEY_CURRENT_USER" name="1001" value="00000001" uid="Software\Microsoft\Windows\CurrentVersion\Internet Settings\Zones\3"/><Reg id="DownloadUnsignedActiveXInternet" type="REG_DWORD" hive="HKEY_CURRENT_USER" name="1004" value="00000003" uid="Software\Microsoft\Windows\CurrentVersion\Internet Settings\Zones\3"/><Reg id="ScriptUnsafeActiveXInternet" type="REG_DWORD" hive="HKEY_CURRENT_USER" name="1201" value="00000003" uid="Software\Microsoft\Windows\CurrentVersion\Internet Settings\Zones\3"/><Reg id="AllowOnlyApprovedDomainsActiveXInternet" type="REG_DWORD" hive="HKEY_CURRENT_USER" name="120B" value="00000003" uid="Software\Microsoft\Windows\CurrentVersion\Internet Settings\Zones\3"/><Reg id="RunActiveXInternet" type="REG_DWORD" hive="HKEY_CURRENT_USER" name="1200" value="00000000" uid="Software\Microsoft\Windows\CurrentVersion\Internet Settings\Zones\3"/><Reg id="ScriptSafeActiveXInternet" type="REG_DWORD" hive="HKEY_CURRENT_USER" name="1405" value="00000000" uid="Software\Microsoft\Windows\CurrentVersion\Internet Settings\Zones\3"/><Reg id="FileDownloadInternet" type="REG_DWORD" hive="HKEY_CURRENT_USER" name="1803" value="00000000" uid="Software\Microsoft\Windows\CurrentVersion\Internet Settings\Zones\3"/><Reg id="FontDownloadInternet" type="REG_DWORD" hive="HKEY_CURRENT_USER" name="1604" value="00000000" uid="Software\Microsoft\Windows\CurrentVersion\Internet Settings\Zones\3"/><Reg id="FrameworkSetupInternet" type="REG_DWORD" hive="HKEY_CURRENT_USER" name="2600" value="00000000" uid="Software\Microsoft\Windows\CurrentVersion\Internet Settings\Zones\3"/><Reg id="AccessDataAcrossDomainsInternet" type="REG_DWORD" hive="HKEY_CURRENT_USER" name="1406" value="00000003" uid="Software\Microsoft\Windows\CurrentVersion\Internet Settings\Zones\3"/><Reg id="DragAcrossDomainsDiffWindowsInternet" type="REG_DWORD" hive="HKEY_CURRENT_USER" name="2709" value="00000003" uid="Software\Microsoft\Windows\CurrentVersion\Internet Settings\Zones\3"/><Reg id="DragAcrossDomainsSameWindowInternet" type="REG_DWORD" hive="HKEY_CURRENT_USER" name="2708" value="00000003" uid="Software\Microsoft\Windows\CurrentVersion\Internet Settings\Zones\3"/><Reg id="AllowMETAREFRESHInternet" type="REG_DWORD" hive="HKEY_CURRENT_USER" name="1608" value="00000000" uid="Software\Microsoft\Windows\CurrentVersion\Internet Settings\Zones\3"/><Reg id="AllowScriptingInternet" type="REG_DWORD" hive="HKEY_CURRENT_USER" name="1206" value="00000003" uid="Software\Microsoft\Windows\CurrentVersion\Internet Settings\Zones\3"/><Reg id="AllowScriptInitiatedWindowsInternet" type="REG_DWORD" hive="HKEY_CURRENT_USER" name="2102" value="00000003" uid="Software\Microsoft\Windows\CurrentVersion\Internet Settings\Zones\3"/><Reg id="AllowRestrictedProtocolsInternet" type="REG_DWORD" hive="HKEY_CURRENT_USER" name="2300" value="00000001" uid="Software\Microsoft\Windows\CurrentVersion\Internet Settings\Zones\3"/><Reg id="AllowNoAddressStatusInternet" type="REG_DWORD" hive="HKEY_CURRENT_USER" name="2104" value="00000003" uid="Software\Microsoft\Windows\CurrentVersion\Internet Settings\Zones\3"/><Reg id="DisplayMixedContentInternet" type="REG_DWORD" hive="HKEY_CURRENT_USER" name="1609" value="00000001" uid="Software\Microsoft\Windows\CurrentVersion\Internet Settings\Zones\3"/><Reg id="DontPromptForCertificateInternet" type="REG_DWORD" hive="HKEY_CURRENT_USER" name="1A04" value="00000003" uid="Software\Microsoft\Windows\CurrentVersion\Internet Settings\Zones\3"/><Reg id="DragAndDropInternet" type="REG_DWORD" hive="HKEY_CURRENT_USER" name="1802" value="00000000" uid="Software\Microsoft\Windows\CurrentVersion\Internet Settings\Zones\3"/><Reg id="EnableMIMESniffingInternet" type="REG_DWORD" hive="HKEY_CURRENT_USER" name="2100" value="00000000" uid="Software\Microsoft\Windows\CurrentVersion\Internet Settings\Zones\3"/><Reg id="LocalDirOnULInternet" type="REG_DWORD" hive="HKEY_CURRENT_USER" name="160A" value="00000003" uid="Software\Microsoft\Windows\CurrentVersion\Internet Settings\Zones\3"/><Reg id="AppsUnsafeFilesInternet" type="REG_DWORD" hive="HKEY_CURRENT_USER" name="1806" value="00000001" uid="Software\Microsoft\Windows\CurrentVersion\Internet Settings\Zones\3"/><Reg id="LaunchProgramsInIFRAMEInternet" type="REG_DWORD" hive="HKEY_CURRENT_USER" name="1804" value="00000001" uid="Software\Microsoft\Windows\CurrentVersion\Internet Settings\Zones\3"/><Reg id="NavigateSubFramesAcrossDomainsInternet" type="REG_DWORD" hive="HKEY_CURRENT_USER" name="1607" value="00000003" uid="Software\Microsoft\Windows\CurrentVersion\Internet Settings\Zones\3"/><Reg id="RenderLegacyFiltersInternet" type="REG_DWORD" hive="HKEY_CURRENT_USER" name="270B" value="00000003" uid="Software\Microsoft\Windows\CurrentVersion\Internet Settings\Zones\3"/><Reg id="SubmitNonEncryptedFormInternet" type="REG_DWORD" hive="HKEY_CURRENT_USER" name="1601" value="00000000" uid="Software\Microsoft\Windows\CurrentVersion\Internet Settings\Zones\3"/><Reg id="UsePhishingInternet" type="REG_DWORD" hive="HKEY_CURRENT_USER" name="2301" value="00000000" uid="Software\Microsoft\Windows\CurrentVersion\Internet Settings\Zones\3"/><Reg id="UsePopUpBlockerInternet" type="REG_DWORD" hive="HKEY_CURRENT_USER" name="1809" value="00000000" uid="Software\Microsoft\Windows\CurrentVersion\Internet Settings\Zones\3"/><Reg id="UserdataPersistenceInternet" type="REG_DWORD" hive="HKEY_CURRENT_USER" name="1606" value="00000000" uid="Software\Microsoft\Windows\CurrentVersion\Internet Settings\Zones\3"/><Reg id="LessPrivilegedWebsitesInternet" type="REG_DWORD" hive="HKEY_CURRENT_USER" name="2101" value="00000000" uid="Software\Microsoft\Windows\CurrentVersion\Internet Settings\Zones\3"/><Reg id="ActiveScriptingInternet" type="REG_DWORD" hive="HKEY_CURRENT_USER" name="1400" value="00000000" uid="Software\Microsoft\Windows\CurrentVersion\Internet Settings\Zones\3"/><Reg id="AllowClipboardInternet" type="REG_DWORD" hive="HKEY_CURRENT_USER" name="1407" value="00000001" uid="Software\Microsoft\Windows\CurrentVersion\Internet Settings\Zones\3"/><Reg id="AllowStatusBarInternet" type="REG_DWORD" hive="HKEY_CURRENT_USER" name="2103" value="00000003" uid="Software\Microsoft\Windows\CurrentVersion\Internet Settings\Zones\3"/><Reg id="PromptForInfoInternet" type="REG_DWORD" hive="HKEY_CURRENT_USER" name="2105" value="00000003" uid="Software\Microsoft\Windows\CurrentVersion\Internet Settings\Zones\3"/><Reg id="EnableXSSFilterInternet" type="REG_DWORD" hive="HKEY_CURRENT_USER" name="1409" value="00000000" uid="Software\Microsoft\Windows\CurrentVersion\Internet Settings\Zones\3"/><Reg id="AppletScriptingInternet" type="REG_DWORD" hive="HKEY_CURRENT_USER" name="1402" value="00000000" uid="Software\Microsoft\Windows\CurrentVersion\Internet Settings\Zones\3"/><Reg id="LogonInternet" type="REG_DWORD" hive="HKEY_CURRENT_USER" name="1A00" value="00020000" uid="Software\Microsoft\Windows\CurrentVersion\Internet Settings\Zones\3"/><Reg id="Default1207Internet" type="REG_DWORD" hive="HKEY_CURRENT_USER" name="1207" value="00000003" uid="Software\Microsoft\Windows\CurrentVersion\Internet Settings\Zones\3"/><Reg id="Default1408Internet" type="REG_DWORD" hive="HKEY_CURRENT_USER" name="1408" value="00000003" uid="Software\Microsoft\Windows\CurrentVersion\Internet Settings\Zones\3"/><Reg id="Default140AInternet" type="REG_DWORD" hive="HKEY_CURRENT_USER" name="140A" value="00000000" uid="Software\Microsoft\Windows\CurrentVersion\Internet Settings\Zones\3"/><Reg id="Default1605Internet" type="REG_DWORD" hive="HKEY_CURRENT_USER" name="1605" value="00000000" uid="Software\Microsoft\Windows\CurrentVersion\Internet Settings\Zones\3"/><Reg id="Default160BInternet" type="REG_DWORD" hive="HKEY_CURRENT_USER" name="160B" value="00000000" uid="Software\Microsoft\Windows\CurrentVersion\Internet Settings\Zones\3"/><Reg id="Default180bInternet" type="REG_DWORD" hive="HKEY_CURRENT_USER" name="180B" value="00000000" uid="Software\Microsoft\Windows\CurrentVersion\Internet Settings\Zones\3"/><Reg id="Default1a02Internet" type="REG_DWORD" hive="HKEY_CURRENT_USER" name="1A02" value="00000000" uid="Software\Microsoft\Windows\CurrentVersion\Internet Settings\Zones\3"/><Reg id="Default1a03Internet" type="REG_DWORD" hive="HKEY_CURRENT_USER" name="1A03" value="00000000" uid="Software\Microsoft\Windows\CurrentVersion\Internet Settings\Zones\3"/><Reg id="Default1a05Internet" type="REG_DWORD" hive="HKEY_CURRENT_USER" name="1A05" value="00000001" uid="Software\Microsoft\Windows\CurrentVersion\Internet Settings\Zones\3"/><Reg id="Default1a06Internet" type="REG_DWORD" hive="HKEY_CURRENT_USER" name="1A06" value="00000000" uid="Software\Microsoft\Windows\CurrentVersion\Internet Settings\Zones\3"/><Reg id="Default1a10Internet" type="REG_DWORD" hive="HKEY_CURRENT_USER" name="1A10" value="00000000" uid="Software\Microsoft\Windows\CurrentVersion\Internet Settings\Zones\3"/><Reg id="Default1C00Internet" type="REG_DWORD" hive="HKEY_CURRENT_USER" name="1C00" value="00010000" uid="Software\Microsoft\Windows\CurrentVersion\Internet Settings\Zones\3"/><Reg id="Default2005Internet" type="REG_DWORD" hive="HKEY_CURRENT_USER" name="2005" value="00000003" uid="Software\Microsoft\Windows\CurrentVersion\Internet Settings\Zones\3"/><Reg id="Default2106Internet" type="REG_DWORD" hive="HKEY_CURRENT_USER" name="2106" value="00000000" uid="Software\Microsoft\Windows\CurrentVersion\Internet Settings\Zones\3"/><Reg id="Default2107Internet" type="REG_DWORD" hive="HKEY_CURRENT_USER" name="2107" value="00000003" uid="Software\Microsoft\Windows\CurrentVersion\Internet Settings\Zones\3"/><Reg id="Default2108Internet" type="REG_DWORD" hive="HKEY_CURRENT_USER" name="2108" value="00000003" uid="Software\Microsoft\Windows\CurrentVersion\Internet Settings\Zones\3"/><Reg id="Default2200Internet" type="REG_DWORD" hive="HKEY_CURRENT_USER" name="2200" value="00000003" uid="Software\Microsoft\Windows\CurrentVersion\Internet Settings\Zones\3"/><Reg id="Default2302Internet" type="REG_DWORD" hive="HKEY_CURRENT_USER" name="2302" value="00000003" uid="Software\Microsoft\Windows\CurrentVersion\Internet Settings\Zones\3"/><Reg id="Default2500Internet" type="REG_DWORD" hive="HKEY_CURRENT_USER" name="2500" value="00000000" uid="Software\Microsoft\Windows\CurrentVersion\Internet Settings\Zones\3"/><Reg id="Default2700Internet" type="REG_DWORD" hive="HKEY_CURRENT_USER" name="2700" value="00000000" uid="Software\Microsoft\Windows\CurrentVersion\Internet Settings\Zones\3"/><Reg id="Default2701Internet" type="REG_DWORD" hive="HKEY_CURRENT_USER" name="2701" value="00000000" uid="Software\Microsoft\Windows\CurrentVersion\Internet Settings\Zones\3"/><Reg id="Default2703Internet" type="REG_DWORD" hive="HKEY_CURRENT_USER" name="2703" value="00000003" uid="Software\Microsoft\Windows\CurrentVersion\Internet Settings\Zones\3"/><Reg id="Default2704Internet" type="REG_DWORD" hive="HKEY_CURRENT_USER" name="2704" value="00000000" uid="Software\Microsoft\Windows\CurrentVersion\Internet Settings\Zones\3"/><Reg id="Default2707Internet" type="REG_DWORD" hive="HKEY_CURRENT_USER" name="2707" value="00000000" uid="Software\Microsoft\Windows\CurrentVersion\Internet Settings\Zones\3"/><Reg id="EnableAutodial" type="REG_DWORD" hive="HKEY_CURRENT_USER" name="EnableAutodial" value="0" uid="Software\Microsoft\Windows\CurrentVersion\Internet Settings"/><Reg id="NoNetAutodial" type="REG_DWORD" hive="HKEY_CURRENT_USER" name="NoNetAutodial" value="0" uid="Software\Microsoft\Windows\CurrentVersion\Internet Settings"/><Reg id="UseSoftwareRendering" type="REG_DWORD" hive="HKEY_CURRENT_USER" name="UseSWRender" value="00000001" uid="Software\Microsoft\Internet Explorer\Main"/><Reg id="AutoRecoverPageLayout" type="REG_DWORD" hive="HKEY_CURRENT_USER" name="AutomaticLayoutRecovery" value="00000001" uid="Software\Microsoft\Internet Explorer\BrowserEmulation"/><Reg id="AlwaysExpandALTText" type="REG_SZ" hive="HKEY_CURRENT_USER" name="Expand Alt Text" value="no" uid="Software\Microsoft\Internet Explorer\Main"/><Reg id="EnableCaretBrowsing" type="REG_DWORD" hive="HKEY_CURRENT_USER" name="EnableOnStartup" value="00000000" uid="Software\Microsoft\Internet Explorer\CaretBrowsing"/><Reg id="MoveSystemCaret" type="REG_SZ" hive="HKEY_CURRENT_USER" name="Move System Caret" value="no" uid="Software\Microsoft\Internet Explorer\Main"/><Reg id="PlaySystemSounds" type="REG_DWORD" hive="HKEY_CURRENT_USER" name="PlaySounds" value="00000000" uid="Software\Microsoft\Internet Explorer\Main"/><Reg id="ResetTextSizeOnStartup" type="REG_DWORD" hive="HKEY_CURRENT_USER" name="ResetTextSizeOnStartup" value="00000000" uid="Software\Microsoft\Internet Explorer\Zoom"/><Reg id="ResetZoomOnStartup" type="REG_DWORD" hive="HKEY_CURRENT_USER" name="ResetZoomOnStartup2" value="00000000" uid="Software\Microsoft\Internet Explorer\Zoom"/><Reg id="CloseUnusedFolders" type="REG_DWORD" hive="HKEY_CURRENT_USER" name="NscSingleExpand" value="00000000" uid="Software\Microsoft\Internet Explorer\Main"/><Reg id="DisableScriptDebuggingIE" type="REG_SZ" hive="HKEY_CURRENT_USER" name="DisableScriptDebuggerIE" value="yes" uid="Software\Microsoft\Internet Explorer\Main"/><Reg id="DisableScriptDebugging" type="REG_SZ" hive="HKEY_CURRENT_USER" name="Disable Script Debugger" value="yes" uid="Software\Microsoft\Internet Explorer\Main"/><Reg id="DisplayErrorNotification" type="REG_SZ" hive="HKEY_CURRENT_USER" name="Error Dlg Displayed On Every Error" value="no" uid="Software\Microsoft\Internet Explorer\Main"/><Reg id="DisplayAccBtn" type="REG_DWORD" hive="HKEY_CURRENT_USER" name="SelectionActivityButtonDisable" value="00000001" uid="Software\Microsoft\Internet Explorer\Services"/><Reg id="EnableAutoRecover" type="REG_DWORD" hive="HKEY_CURRENT_USER" name="AutoRecover" value="00000000" uid="Software\Microsoft\Internet Explorer\Recovery"/><Reg id="EnableFlipAhead" type="REG_DWORD" hive="HKEY_CURRENT_USER" name="Enabled" value="00000000" uid="Software\Microsoft\Internet Explorer\FlipAhead"/><Reg id="FTPFolderView" type="REG_SZ" hive="HKEY_CURRENT_USER" name="Use Web Based FTP" value="no" uid="Software\Microsoft\Ftp"/><Reg id="EnableSuggestedSites" type="REG_DWORD" hive="HKEY_CURRENT_USER" name="Enabled" value="00000000" uid="Software\Microsoft\Internet Explorer\Suggested Sites"/><Reg id="UseThemes" type="REG_DWORD" hive="HKEY_CURRENT_USER" name="UseThemes" value="00000001" uid="Software\Microsoft\Internet Explorer\Main"/><Reg id="3rdPartyExtensions" type="REG_SZ" hive="HKEY_CURRENT_USER" name="Enable Browser Extensions" value="no" uid="Software\Microsoft\Internet Explorer\Main"/><Reg id="EnableSearchPane" type="REG_DWORD" hive="HKEY_CURRENT_USER" name="EnableSearchPane" value="00000000" uid="Software\Microsoft\Internet Explorer\Main"/><Reg id="IntranetSingleWord" type="REG_DWORD" hive="HKEY_CURRENT_USER" name="GotoIntranetSiteForSingleWordEntry" value="00000000" uid="Software\Microsoft\Internet Explorer\Main"/><Reg id="NotifyDownloadComplete" type="REG_SZ" hive="HKEY_CURRENT_USER" name="NotifyDownloadComplete" value="yes" uid="Software\Microsoft\Internet Explorer\Main"/><Reg id="ReuseWindows" type="REG_DWORD" hive="HKEY_CURRENT_USER" name="AllowWindowReuse" value="00000001" uid="Software\Microsoft\Internet Explorer\Main"/><Reg id="ShowFriendlyHTTP" type="REG_SZ" hive="HKEY_CURRENT_USER" name="Friendly http errors" value="yes" uid="Software\Microsoft\Internet Explorer\Main"/><Reg id="TellMeIENotDefault" type="REG_SZ" hive="HKEY_CURRENT_USER" name="Check_Associations" value="yes" uid="Software\Microsoft\Internet Explorer\Main"/><Reg id="UnderlineLinks" type="REG_SZ" hive="HKEY_CURRENT_USER" name="Anchor Underline" value="yes" uid="Software\Microsoft\Internet Explorer\Main"/><Reg id="InlineAutoComplete" type="REG_SZ" hive="HKEY_CURRENT_USER" name="Append Completion" value="yes" uid="Software\Microsoft\Windows\CurrentVersion\Explorer\AutoComplete"/><Reg id="InlineAutoComplete2" type="REG_SZ" hive="HKEY_CURRENT_USER" name="Append Completion" value="no" uid="Software\Microsoft\Internet Explorer\AutoComplete"/><Reg id="UseMRUSwitching" type="REG_SZ" hive="HKEY_CURRENT_USER" name="UseMRUSwitching" value="no" uid="Software\Microsoft\Internet Explorer\TabbedBrowsing"/><Reg id="PassiveFTP" type="REG_SZ" hive="HKEY_CURRENT_USER" name="Use PASV" value="yes" uid="Software\Microsoft\Ftp"/><Reg id="SmoothScrolling" type="REG_DWORD" hive="HKEY_CURRENT_USER" name="SmoothScroll" value="00000001" uid="Software\Microsoft\Internet Explorer\Main"/><Reg id="HTTP1_1" type="REG_DWORD" hive="HKEY_CURRENT_USER" name="EnableHTTP1_1" value="00000001" uid="Software\Microsoft\Windows\CurrentVersion\Internet Settings"/><Reg id="HTTP1_1ThroughProxy" type="REG_DWORD" hive="HKEY_CURRENT_USER" name="ProxyHTTP1.1" value="00000001" uid="Software\Microsoft\Windows\CurrentVersion\Internet Settings"/><Reg id="ShowPunycode" type="REG_DWORD" hive="HKEY_CURRENT_USER" name="ShowPunycode" value="00000000" uid="Software\Microsoft\Windows\CurrentVersion\Internet Settings"/><Reg id="EnablePunycode" type="REG_DWORD" hive="HKEY_CURRENT_USER" name="EnablePunycode" defaultValue="00000001" bitfield="1" aggregateValue="00000001" aggregateMask="00000003" uid="Software\Microsoft\Windows\CurrentVersion\Internet Settings"><SubProp id="EnablePunycodeGlobal" value="00000001" mask="00000001"/><SubProp id="EnablePunycodeIntranet" value="00000000" mask="00000002"/></Reg><Reg id="UrlEncoding" type="REG_DWORD" hive="HKEY_CURRENT_USER" name="UrlEncoding" value="00000000" uid="Software\Microsoft\Windows\CurrentVersion\Internet Settings"/><Reg id="DisableIDNPrompt" type="REG_DWORD" hive="HKEY_CURRENT_USER" name="DisableIDNPrompt" value="00000000" uid="Software\Microsoft\Windows\CurrentVersion\Internet Settings"/><Reg id="UseAltCodecsHTML5" type="REG_SZ" hive="HKEY_CURRENT_USER" name="EnableAlternativeCodec" value="yes" uid="Software\Microsoft\Internet Explorer\Main"/><Reg id="AutoImageResize" type="REG_SZ" hive="HKEY_CURRENT_USER" name="Enable AutoImageResize" value="yes" uid="Software\Microsoft\Internet Explorer\Main"/><Reg id="PlayAnimations" type="REG_SZ" hive="HKEY_CURRENT_USER" name="Play_Animations" value="no" uid="Software\Microsoft\Internet Explorer\Main"/><Reg id="PlaySounds" type="REG_SZ" hive="HKEY_CURRENT_USER" name="Play_Background_Sounds" value="no" uid="Software\Microsoft\Internet Explorer\Main"/><Reg id="ImagePlaceholders" type="REG_DWORD" hive="HKEY_CURRENT_USER" name="Show image placeholders" value="00000000" uid="Software\Microsoft\Internet Explorer\Main"/><Reg id="ShowPictures" type="REG_SZ" hive="HKEY_CURRENT_USER" name="Display Inline Images" value="yes" uid="Software\Microsoft\Internet Explorer\Main"/><Reg id="LocalMachineCDUnlock" type="REG_DWORD" hive="HKEY_CURRENT_USER" name="LOCALMACHINE_CD_UNLOCK" value="00000000" uid="SOFTWARE\Microsoft\Internet Explorer\Main\FeatureControl\FEATURE_LOCALMACHINE_LOCKDOWN\Settings"/><Reg id="LocalMachineFilesUnlock" type="REG_DWORD" hive="HKEY_CURRENT_USER" name="iexplore.exe" value="00000001" uid="SOFTWARE\Microsoft\Internet Explorer\Main\FeatureControl\FEATURE_LOCALMACHINE_LOCKDOWN"/><Reg id="AlwaysSendDoNotTrack" type="REG_DWORD" hive="HKEY_CURRENT_USER" name="DoNotTrack" value="00000000" uid="Software\Microsoft\Internet Explorer\Main"/><Reg id="RunInvalidSignatures" type="REG_DWORD" hive="HKEY_CURRENT_USER" name="RunInvalidSignatures" value="00000000" uid="SOFTWARE\Microsoft\Internet Explorer\Download"/><Reg id="BlockUnsecureImages" type="REG_DWORD" hive="HKEY_CURRENT_USER" name="MixedContentBlockImages" value="00000000" uid="Software\Microsoft\Internet Explorer\Main"/><Reg id="ServerCertRevocation" type="REG_DWORD" hive="HKEY_CURRENT_USER" name="CertificateRevocation" value="00000001" uid="Software\Microsoft\Windows\CurrentVersion\Internet Settings"/><Reg id="CheckExeSignatures" type="REG_SZ" hive="HKEY_CURRENT_USER" name="CheckExeSignatures" value="yes" uid="SOFTWARE\Microsoft\Internet Explorer\Download"/><Reg id="DoNotSaveEncrypted" type="REG_DWORD" hive="HKEY_CURRENT_USER" name="DisableCachingOfSSLPages" value="00000001" uid="Software\Microsoft\Windows\CurrentVersion\Internet Settings"/><Reg id="EmptyTemporary" type="REG_DWORD" hive="HKEY_CURRENT_USER" name="Persistent" value="00000000" uid="Software\Microsoft\Windows\CurrentVersion\Internet Settings\Cache"/><Reg id="EnableDOMStorage" type="REG_DWORD" hive="HKEY_CURRENT_USER" name="DOMStorage" value="00000001" uid="Software\Microsoft\Internet Explorer\Main"/><Reg id="EnableMemProt" type="REG_DWORD" hive="HKEY_LOCAL_MACHINE" name="DEPOff" value="00000000" uid="Software\Microsoft\Internet Explorer\Main"/><Reg id="EnableProtectedMode" type="REG_SZ" hive="HKEY_CURRENT_USER" name="Isolation" value="PMEM" uid="Software\Microsoft\Internet Explorer\Main"/><Reg id="EnableIntegrated" type="REG_DWORD" hive="HKEY_CURRENT_USER" name="EnableNegotiate" value="00000001" uid="Software\Microsoft\Windows\CurrentVersion\Internet Settings"/><Reg id="XmlHttp" type="REG_DWORD" hive="HKEY_CURRENT_USER" name="XMLHTTP" value="00000001" uid="Software\Microsoft\Internet Explorer\Main"/><Reg id="PhishingFilter" type="REG_DWORD" hive="HKEY_CURRENT_USER" name="EnabledV8" value="00000000" uid="Software\Microsoft\Internet Explorer\PhishingFilter"/><Reg id="PhishingFilter9" type="REG_DWORD" hive="HKEY_CURRENT_USER" name="EnabledV9" value="00000000" uid="Software\Microsoft\Internet Explorer\PhishingFilter"/><Reg id="SecureProtocols" type="REG_DWORD" hive="HKEY_CURRENT_USER" name="SecureProtocols" defaultValue="000000A0" bitfield="1" aggregateValue="000000A0" aggregateMask="00000AA8" uid="Software\Microsoft\Windows\CurrentVersion\Internet Settings"><SubProp id="SecureProtocolsSsl2" value="00000000" mask="00000008"/><SubProp id="SecureProtocolsSsl3" value="00000020" mask="00000020"/><SubProp id="SecureProtocolsTls10" value="00000080" mask="00000080"/><SubProp id="SecureProtocolsTls11" value="00000000" mask="00000200"/><SubProp id="SecureProtocolsTls12" value="00000000" mask="00000800"/></Reg><Reg id="State" type="REG_DWORD" hive="HKEY_CURRENT_USER" name="State" defaultValue="00023C00" bitfield="1" aggregateValue="00000000" aggregateMask="00000200" uid="Software\Microsoft\Windows\CurrentVersion\WinTrust\Trust Providers\Software Publishing"><SubProp id="PubCertRevocation" value="00000000" mask="00000200"/></Reg><Reg id="WarnOnBadCert" type="REG_DWORD" hive="HKEY_CURRENT_USER" name="WarnonBadCertRecving" value="00000001" uid="Software\Microsoft\Windows\CurrentVersion\Internet Settings"/><Reg id="WarnChangeSecure" type="REG_DWORD" hive="HKEY_CURRENT_USER" name="WarnonZoneCrossing" value="00000001" uid="Software\Microsoft\Windows\CurrentVersion\Internet Settings"/><Reg id="WarnPostRedirect" type="REG_DWORD" hive="HKEY_CURRENT_USER" name="WarnOnPostRedirect" value="00000001" uid="Software\Microsoft\Windows\CurrentVersion\Internet Settings"/></Properties></IE10>
</InternetSettings>
