<BackupInst xmlns="http://www.microsoft.com/GroupPolicy/GPOOperations/Manifest"><GPOGuid><![CDATA[{2FE16AFB-A3B6-4E8E-9754-FA048131130E}]]></GPOGuid><GPODomain><![CDATA[DTM9027.local]]></GPODomain><GPODomainGuid><![CDATA[{04b1cae7-f45f-458c-b956-4f495a28f3f4}]]></GPODomainGuid><GPODomainController><![CDATA[9027-DC1.DTM9027.local]]></GPODomainController><BackupTime><![CDATA[2017-10-10T10:00:33]]></BackupTime><ID><![CDATA[{56C1667F-FA71-4951-BA14-FBBF12CE8B84}]]></ID><Comment><![CDATA[]]></Comment><GPODisplayName><![CDATA[Folder Redirections]]></GPODisplayName></BackupInst>
