<?xml version="1.0" encoding="utf-8"?><!-- Copyright (c) Microsoft Corporation.  All rights reserved. --><GroupPolicyBackupScheme bkp:version="2.0" bkp:type="GroupPolicyBackupTemplate" xmlns:bkp="http://www.microsoft.com/GroupPolicy/GPOOperations" xmlns="http://www.microsoft.com/GroupPolicy/GPOOperations">
    <GroupPolicyObject><SecurityGroups><Group bkp:Source="FromDACL"><Sid><![CDATA[S-1-5-21-1666669418-3424502242-2198900043-519]]></Sid><SamAccountName><![CDATA[Enterprise Admins]]></SamAccountName><Type><![CDATA[UniversalGroup]]></Type><NetBIOSDomainName><![CDATA[DTM9027]]></NetBIOSDomainName><DnsDomainName><![CDATA[DTM9027.local]]></DnsDomainName><UPN><![CDATA[Enterprise Admins@DTM9027.local]]></UPN></Group><Group bkp:Source="FromDACL"><Sid><![CDATA[S-1-5-21-1666669418-3424502242-2198900043-512]]></Sid><SamAccountName><![CDATA[Domain Admins]]></SamAccountName><Type><![CDATA[GlobalGroup]]></Type><NetBIOSDomainName><![CDATA[DTM9027]]></NetBIOSDomainName><DnsDomainName><![CDATA[DTM9027.local]]></DnsDomainName><UPN><![CDATA[Domain Admins@DTM9027.local]]></UPN></Group><Group><Sid><![CDATA[S-1-5-21-1666669418-3424502242-2198900043-1153]]></Sid><SamAccountName><![CDATA[LDAP9027]]></SamAccountName><Type><![CDATA[User]]></Type><NetBIOSDomainName><![CDATA[DTM9027]]></NetBIOSDomainName><DnsDomainName><![CDATA[DTM9027.local]]></DnsDomainName><UPN><![CDATA[]]></UPN></Group></SecurityGroups><FilePaths/><GroupPolicyCoreSettings><ID><![CDATA[{3270A695-0E18-48D5-AC7C-EBDA91065659}]]></ID><Domain><![CDATA[DTM9027.local]]></Domain><SecurityDescriptor>01 00 04 9c 00 00 00 00 00 00 00 00 00 00 00 00 14 00 00 00 04 00 ec 00 08 00 00 00 05 02 28 00 00 01 00 00 01 00 00 00 8f fd ac ed b3 ff d1 11 b4 1d 00 a0 c9 68 f9 39 01 01 00 00 00 00 00 05 0b 00 00 00 00 00 24 00 ff 00 0f 00 01 05 00 00 00 00 00 05 15 00 00 00 6a 5b 57 63 e2 c1 1d cc 4b 8d 10 83 00 02 00 00 00 02 24 00 ff 00 0f 00 01 05 00 00 00 00 00 05 15 00 00 00 6a 5b 57 63 e2 c1 1d cc 4b 8d 10 83 00 02 00 00 00 02 24 00 ff 00 0f 00 01 05 00 00 00 00 00 05 15 00 00 00 6a 5b 57 63 e2 c1 1d cc 4b 8d 10 83 07 02 00 00 00 02 14 00 94 00 02 00 01 01 00 00 00 00 00 05 09 00 00 00 00 02 14 00 94 00 02 00 01 01 00 00 00 00 00 05 0b 00 00 00 00 02 14 00 ff 00 0f 00 01 01 00 00 00 00 00 05 12 00 00 00 00 0a 14 00 ff 00 0f 00 01 01 00 00 00 00 00 03 00 00 00 00</SecurityDescriptor><DisplayName><![CDATA[Deny Logon Locally]]></DisplayName><Options><![CDATA[0]]></Options><UserVersionNumber><![CDATA[0]]></UserVersionNumber><MachineVersionNumber><![CDATA[131074]]></MachineVersionNumber><MachineExtensionGuids><![CDATA[[{827D319E-6EAC-11D2-A4EA-00C04F79F83A}{803E14A0-B4FB-11D0-A0D0-00A0C90F574B}]]]></MachineExtensionGuids><UserExtensionGuids/><WMIFilter/></GroupPolicyCoreSettings> 
        <GroupPolicyExtension bkp:ID="{35378EAC-683F-11D2-A89A-00C04FBBCFA2}" bkp:DescName="Registry">
            
            
            <FSObjectFile bkp:Path="%GPO_FSPATH%\Adm\*.*" bkp:SourceExpandedPath="\\9027-DC1.DTM9027.local\sysvol\DTM9027.local\Policies\{3270A695-0E18-48D5-AC7C-EBDA91065659}\Adm\*.*"/>
        </GroupPolicyExtension>
        
        
        
        
        <GroupPolicyExtension bkp:ID="{827D319E-6EAC-11D2-A4EA-00C04F79F83A}" bkp:DescName="Security">
            <FSObjectFile bkp:Path="%GPO_MACH_FSPATH%\microsoft\windows nt\SecEdit\GptTmpl.inf" bkp:SourceExpandedPath="\\9027-DC1.DTM9027.local\sysvol\DTM9027.local\Policies\{3270A695-0E18-48D5-AC7C-EBDA91065659}\Machine\microsoft\windows nt\SecEdit\GptTmpl.inf" bkp:ReEvaluateFunction="SecurityValidateSettings" bkp:Location="DomainSysvol\GPO\Machine\microsoft\windows nt\SecEdit\GptTmpl.inf"/>
        </GroupPolicyExtension>
        
        
        
        
    <GroupPolicyExtension bkp:ID="{F15C46CD-82A0-4C2D-A210-5D0D3182A418}" bkp:DescName="Unknown Extension"><FSObjectDir bkp:Path="%GPO_MACH_FSPATH%\Microsoft" bkp:SourceExpandedPath="\\9027-DC1.DTM9027.local\sysvol\DTM9027.local\Policies\{3270A695-0E18-48D5-AC7C-EBDA91065659}\Machine\Microsoft" bkp:Location="DomainSysvol\GPO\Machine\Microsoft"/><FSObjectDir bkp:Path="%GPO_MACH_FSPATH%\Microsoft\Windows NT" bkp:SourceExpandedPath="\\9027-DC1.DTM9027.local\sysvol\DTM9027.local\Policies\{3270A695-0E18-48D5-AC7C-EBDA91065659}\Machine\Microsoft\Windows NT" bkp:Location="DomainSysvol\GPO\Machine\Microsoft\Windows NT"/><FSObjectDir bkp:Path="%GPO_MACH_FSPATH%\Microsoft\Windows NT\SecEdit" bkp:SourceExpandedPath="\\9027-DC1.DTM9027.local\sysvol\DTM9027.local\Policies\{3270A695-0E18-48D5-AC7C-EBDA91065659}\Machine\Microsoft\Windows NT\SecEdit" bkp:Location="DomainSysvol\GPO\Machine\Microsoft\Windows NT\SecEdit"/><FSObjectDir bkp:Path="%GPO_MACH_FSPATH%\Scripts" bkp:SourceExpandedPath="\\9027-DC1.DTM9027.local\sysvol\DTM9027.local\Policies\{3270A695-0E18-48D5-AC7C-EBDA91065659}\Machine\Scripts" bkp:Location="DomainSysvol\GPO\Machine\Scripts"/><FSObjectDir bkp:Path="%GPO_MACH_FSPATH%\Scripts\Shutdown" bkp:SourceExpandedPath="\\9027-DC1.DTM9027.local\sysvol\DTM9027.local\Policies\{3270A695-0E18-48D5-AC7C-EBDA91065659}\Machine\Scripts\Shutdown" bkp:Location="DomainSysvol\GPO\Machine\Scripts\Shutdown"/><FSObjectDir bkp:Path="%GPO_MACH_FSPATH%\Scripts\Startup" bkp:SourceExpandedPath="\\9027-DC1.DTM9027.local\sysvol\DTM9027.local\Policies\{3270A695-0E18-48D5-AC7C-EBDA91065659}\Machine\Scripts\Startup" bkp:Location="DomainSysvol\GPO\Machine\Scripts\Startup"/><FSObjectDir bkp:Path="%GPO_USER_FSPATH%\Documents &amp; Settings" bkp:SourceExpandedPath="\\9027-DC1.DTM9027.local\sysvol\DTM9027.local\Policies\{3270A695-0E18-48D5-AC7C-EBDA91065659}\User\Documents &amp; Settings" bkp:Location="DomainSysvol\GPO\User\Documents &amp; Settings"/><FSObjectDir bkp:Path="%GPO_USER_FSPATH%\Scripts" bkp:SourceExpandedPath="\\9027-DC1.DTM9027.local\sysvol\DTM9027.local\Policies\{3270A695-0E18-48D5-AC7C-EBDA91065659}\User\Scripts" bkp:Location="DomainSysvol\GPO\User\Scripts"/><FSObjectDir bkp:Path="%GPO_USER_FSPATH%\Scripts\Logoff" bkp:SourceExpandedPath="\\9027-DC1.DTM9027.local\sysvol\DTM9027.local\Policies\{3270A695-0E18-48D5-AC7C-EBDA91065659}\User\Scripts\Logoff" bkp:Location="DomainSysvol\GPO\User\Scripts\Logoff"/><FSObjectDir bkp:Path="%GPO_USER_FSPATH%\Scripts\Logon" bkp:SourceExpandedPath="\\9027-DC1.DTM9027.local\sysvol\DTM9027.local\Policies\{3270A695-0E18-48D5-AC7C-EBDA91065659}\User\Scripts\Logon" bkp:Location="DomainSysvol\GPO\User\Scripts\Logon"/></GroupPolicyExtension></GroupPolicyObject>
</GroupPolicyBackupScheme>