<BackupInst xmlns="http://www.microsoft.com/GroupPolicy/GPOOperations/Manifest"><GPOGuid><![CDATA[{3270A695-0E18-48D5-AC7C-EBDA91065659}]]></GPOGuid><GPODomain><![CDATA[DTM9027.local]]></GPODomain><GPODomainGuid><![CDATA[{04b1cae7-f45f-458c-b956-4f495a28f3f4}]]></GPODomainGuid><GPODomainController><![CDATA[9027-DC1.DTM9027.local]]></GPODomainController><BackupTime><![CDATA[2017-10-10T10:00:34]]></BackupTime><ID><![CDATA[{F9215DE8-9B30-484C-8CD0-4062D3F5723A}]]></ID><Comment><![CDATA[]]></Comment><GPODisplayName><![CDATA[Deny Logon Locally]]></GPODisplayName></BackupInst>
