<BackupInst xmlns="http://www.microsoft.com/GroupPolicy/GPOOperations/Manifest"><GPOGuid><![CDATA[{B2DE420F-6003-4FE7-9800-14A9A5B90F22}]]></GPOGuid><GPODomain><![CDATA[DTM9027.local]]></GPODomain><GPODomainGuid><![CDATA[{04b1cae7-f45f-458c-b956-4f495a28f3f4}]]></GPODomainGuid><GPODomainController><![CDATA[9027-DC1.DTM9027.local]]></GPODomainController><BackupTime><![CDATA[2017-10-10T10:00:35]]></BackupTime><ID><![CDATA[{50042AB7-5D7F-45AC-88AF-4582924C16C0}]]></ID><Comment><![CDATA[]]></Comment><GPODisplayName><![CDATA[RDS Licensing]]></GPODisplayName></BackupInst>
