<BackupInst xmlns="http://www.microsoft.com/GroupPolicy/GPOOperations/Manifest"><GPOGuid><![CDATA[{90BF1FFC-A9AE-43D7-8EF5-AB13541A104C}]]></GPOGuid><GPODomain><![CDATA[DTM9027.local]]></GPODomain><GPODomainGuid><![CDATA[{04b1cae7-f45f-458c-b956-4f495a28f3f4}]]></GPODomainGuid><GPODomainController><![CDATA[9027-DC1.DTM9027.local]]></GPODomainController><BackupTime><![CDATA[2017-10-10T10:00:34]]></BackupTime><ID><![CDATA[{726A135F-0217-41D6-893D-0041E5C7297D}]]></ID><Comment><![CDATA[]]></Comment><GPODisplayName><![CDATA[User Lockdown]]></GPODisplayName></BackupInst>
