<BackupInst xmlns="http://www.microsoft.com/GroupPolicy/GPOOperations/Manifest"><GPOGuid><![CDATA[{3C36F34A-4944-4AB0-A36D-9EF39F2A3DA3}]]></GPOGuid><GPODomain><![CDATA[DTM9027.local]]></GPODomain><GPODomainGuid><![CDATA[{04b1cae7-f45f-458c-b956-4f495a28f3f4}]]></GPODomainGuid><GPODomainController><![CDATA[9027-DC1.DTM9027.local]]></GPODomainController><BackupTime><![CDATA[2017-10-10T10:00:34]]></BackupTime><ID><![CDATA[{C8DB55D0-AB27-4035-BDFD-0131736A2AB0}]]></ID><Comment><![CDATA[]]></Comment><GPODisplayName><![CDATA[Internet Settings]]></GPODisplayName></BackupInst>
