<Backups xmlns="http://www.microsoft.com/GroupPolicy/GPOOperations/Manifest" xmlns:mfst="http://www.microsoft.com/GroupPolicy/GPOOperations/Manifest" mfst:version="1.0"><BackupInst><GPOGuid><![CDATA[{C7AAA61A-F6E3-4E00-8822-BD8BBA8EA474}]]></GPOGuid><GPODomain><![CDATA[DTM9027.local]]></GPODomain><GPODomainGuid><![CDATA[{04b1cae7-f45f-458c-b956-4f495a28f3f4}]]></GPODomainGuid><GPODomainController><![CDATA[9027-DC1.DTM9027.local]]></GPODomainController><BackupTime><![CDATA[2017-10-10T10:00:35]]></BackupTime><ID><![CDATA[{20593082-A3FA-4EDA-97C4-F615F226896E}]]></ID><Comment><![CDATA[]]></Comment><GPODisplayName><![CDATA[LM1 NTML V1]]></GPODisplayName></BackupInst><BackupInst><GPOGuid><![CDATA[{B2DE420F-6003-4FE7-9800-14A9A5B90F22}]]></GPOGuid><GPODomain><![CDATA[DTM9027.local]]></GPODomain><GPODomainGuid><![CDATA[{04b1cae7-f45f-458c-b956-4f495a28f3f4}]]></GPODomainGuid><GPODomainController><![CDATA[9027-DC1.DTM9027.local]]></GPODomainController><BackupTime><![CDATA[2017-10-10T10:00:35]]></BackupTime><ID><![CDATA[{50042AB7-5D7F-45AC-88AF-4582924C16C0}]]></ID><Comment><![CDATA[]]></Comment><GPODisplayName><![CDATA[RDS Licensing]]></GPODisplayName></BackupInst><BackupInst><GPOGuid><![CDATA[{90BF1FFC-A9AE-43D7-8EF5-AB13541A104C}]]></GPOGuid><GPODomain><![CDATA[DTM9027.local]]></GPODomain><GPODomainGuid><![CDATA[{04b1cae7-f45f-458c-b956-4f495a28f3f4}]]></GPODomainGuid><GPODomainController><![CDATA[9027-DC1.DTM9027.local]]></GPODomainController><BackupTime><![CDATA[2017-10-10T10:00:34]]></BackupTime><ID><![CDATA[{726A135F-0217-41D6-893D-0041E5C7297D}]]></ID><Comment><![CDATA[]]></Comment><GPODisplayName><![CDATA[User Lockdown]]></GPODisplayName></BackupInst><BackupInst><GPOGuid><![CDATA[{6CF31085-4C64-434D-A8C2-0B8EB5F68A31}]]></GPOGuid><GPODomain><![CDATA[DTM9027.local]]></GPODomain><GPODomainGuid><![CDATA[{04b1cae7-f45f-458c-b956-4f495a28f3f4}]]></GPODomainGuid><GPODomainController><![CDATA[9027-DC1.DTM9027.local]]></GPODomainController><BackupTime><![CDATA[2017-10-10T10:00:34]]></BackupTime><ID><![CDATA[{984C7A12-14B0-451A-B398-BE1C6FF38A2C}]]></ID><Comment><![CDATA[]]></Comment><GPODisplayName><![CDATA[Office First Run]]></GPODisplayName></BackupInst><BackupInst><GPOGuid><![CDATA[{6AC1786C-016F-11D2-945F-00C04fB984F9}]]></GPOGuid><GPODomain><![CDATA[DTM9027.local]]></GPODomain><GPODomainGuid><![CDATA[{04b1cae7-f45f-458c-b956-4f495a28f3f4}]]></GPODomainGuid><GPODomainController><![CDATA[9027-DC1.DTM9027.local]]></GPODomainController><BackupTime><![CDATA[2017-10-10T10:00:34]]></BackupTime><ID><![CDATA[{5B888B8D-C80C-495D-BC49-613DC498EEE5}]]></ID><Comment><![CDATA[]]></Comment><GPODisplayName><![CDATA[Default Domain Controllers Policy]]></GPODisplayName></BackupInst><BackupInst><GPOGuid><![CDATA[{3C36F34A-4944-4AB0-A36D-9EF39F2A3DA3}]]></GPOGuid><GPODomain><![CDATA[DTM9027.local]]></GPODomain><GPODomainGuid><![CDATA[{04b1cae7-f45f-458c-b956-4f495a28f3f4}]]></GPODomainGuid><GPODomainController><![CDATA[9027-DC1.DTM9027.local]]></GPODomainController><BackupTime><![CDATA[2017-10-10T10:00:34]]></BackupTime><ID><![CDATA[{C8DB55D0-AB27-4035-BDFD-0131736A2AB0}]]></ID><Comment><![CDATA[]]></Comment><GPODisplayName><![CDATA[Internet Settings]]></GPODisplayName></BackupInst><BackupInst><GPOGuid><![CDATA[{3270A695-0E18-48D5-AC7C-EBDA91065659}]]></GPOGuid><GPODomain><![CDATA[DTM9027.local]]></GPODomain><GPODomainGuid><![CDATA[{04b1cae7-f45f-458c-b956-4f495a28f3f4}]]></GPODomainGuid><GPODomainController><![CDATA[9027-DC1.DTM9027.local]]></GPODomainController><BackupTime><![CDATA[2017-10-10T10:00:34]]></BackupTime><ID><![CDATA[{F9215DE8-9B30-484C-8CD0-4062D3F5723A}]]></ID><Comment><![CDATA[]]></Comment><GPODisplayName><![CDATA[Deny Logon Locally]]></GPODisplayName></BackupInst><BackupInst><GPOGuid><![CDATA[{31B2F340-016D-11D2-945F-00C04FB984F9}]]></GPOGuid><GPODomain><![CDATA[DTM9027.local]]></GPODomain><GPODomainGuid><![CDATA[{04b1cae7-f45f-458c-b956-4f495a28f3f4}]]></GPODomainGuid><GPODomainController><![CDATA[9027-DC1.DTM9027.local]]></GPODomainController><BackupTime><![CDATA[2017-10-10T10:00:33]]></BackupTime><ID><![CDATA[{ED14D8EA-EBA1-4E64-8304-519B53C51B91}]]></ID><Comment><![CDATA[]]></Comment><GPODisplayName><![CDATA[Default Domain Policy]]></GPODisplayName></BackupInst><BackupInst><GPOGuid><![CDATA[{2FE16AFB-A3B6-4E8E-9754-FA048131130E}]]></GPOGuid><GPODomain><![CDATA[DTM9027.local]]></GPODomain><GPODomainGuid><![CDATA[{04b1cae7-f45f-458c-b956-4f495a28f3f4}]]></GPODomainGuid><GPODomainController><![CDATA[9027-DC1.DTM9027.local]]></GPODomainController><BackupTime><![CDATA[2017-10-10T10:00:33]]></BackupTime><ID><![CDATA[{56C1667F-FA71-4951-BA14-FBBF12CE8B84}]]></ID><Comment><![CDATA[]]></Comment><GPODisplayName><![CDATA[Folder Redirections]]></GPODisplayName></BackupInst><BackupInst><GPOGuid><![CDATA[{0D26B425-2D6C-4A0D-A69F-B894CA5CD40A}]]></GPOGuid><GPODomain><![CDATA[DTM9027.local]]></GPODomain><GPODomainGuid><![CDATA[{04b1cae7-f45f-458c-b956-4f495a28f3f4}]]></GPODomainGuid><GPODomainController><![CDATA[9027-DC1.DTM9027.local]]></GPODomainController><BackupTime><![CDATA[2017-10-10T10:00:33]]></BackupTime><ID><![CDATA[{938F877C-5186-463B-8F99-BE0D9306C48D}]]></ID><Comment><![CDATA[]]></Comment><GPODisplayName><![CDATA[Mapped Drive]]></GPODisplayName></BackupInst><BackupInst><GPOGuid><![CDATA[{C7AAA61A-F6E3-4E00-8822-BD8BBA8EA474}]]></GPOGuid><GPODomain><![CDATA[DTM9027.local]]></GPODomain><GPODomainGuid><![CDATA[{04b1cae7-f45f-458c-b956-4f495a28f3f4}]]></GPODomainGuid><GPODomainController><![CDATA[9027-DC1.DTM9027.local]]></GPODomainController><BackupTime><![CDATA[2017-10-10T09:55:48]]></BackupTime><ID><![CDATA[{CAED0EAA-B2D2-423A-8223-BCE46C3BCD2C}]]></ID><Comment><![CDATA[LM1 NTML V1]]></Comment><GPODisplayName><![CDATA[LM1 NTML V1]]></GPODisplayName></BackupInst></Backups>